epoch,train_loss,val_loss,patience,best_loss
1,0.263577,0.018665,0,inf
2,0.045753,0.008252,0,0.018665
3,0.020533,0.006100,0,0.008252
